<?xml version="1.0" encoding="utf-8"?>
<extension type="plugin" version="1.7" group="gurupayment" method="upgrade">
	<name>SN_GURU</name>
	<author>JOOMI.IR IT Group</author>
	<creationDate>August 2015</creationDate>
	<copyright>Copyright (C) 2011-2015 GavickPro. All rights reserved.</copyright>
	<license>GNU General Public License version 2 or later</license>
	<authorEmail>info@joomi.ir</authorEmail>
	<authorUrl>www.joomi.ir</authorUrl>
	<version>1.0.0</version>
	<description>SN_GURU_DESCRIPTION</description>
	
	<scriptfile>script.php</scriptfile>
	
	<files>
		<filename plugin="sn_guru">sn_guru.php</filename>
		<filename>sn_guru.xml</filename>
		<filename>script.php</filename>
		<filename>index.html</filename>
		<folder>libraries</folder>
	</files>

	<languages>
		<language tag="fa-IR">language/fa-IR/fa-IR.plg_gurupayment_sn_guru.ini</language>
		<language tag="fa-IR">language/fa-IR/fa-IR.plg_gurupayment_sn_guru.sys.ini</language>
		<language tag="en-GB">language/en-GB/en-GB.plg_gurupayment_sn_guru.ini</language>
		<language tag="en-GB">language/en-GB/en-GB.plg_gurupayment_sn_guru.sys.ini</language>
	</languages>

	<config>
		<fields name="params" addfieldpath="/plugins/gurupayment/fields">
			<fieldset name="basic">

				<field name="sn_guru_label" type="text" default="پرداخت آنلاین" label="SN_PORTAL_TITLE" description="SN_PORTAL_TITLE_DESC"/>

				<field name="sn_pin" type="text" default="" label="SN_FIELD_PIN" description="SN_FIELD_PIN_DESC"/>
				<field name="sn_currency" type="list" default="1" label="SN_FIELD_CURRENCY" description="SN_FIELD_CURRENCY_DESC">
					<option value="0">SN_FIELD_CURRENCY_TOMAN</option>
					<option value="1">SN_FIELD_CURRENCY_RIAL</option>
				</field>
				<field name="sn_send_payer_info" type="list" default="1" label="SN_FIELD_SEND_PAYER_INFO" description="SN_FIELD_SEND_PAYER_INFO_DESC">
					<option value="1">SN_FIELD_ENABLE</option>
					<option value="0">SN_FIELD_DISABLE</option>
				</field>

			</fieldset>
		</fields>
	</config>
</extension>